<?xml version="1.0" encoding="utf-8" ?>
<dwsync>
<file name="users_model.php" server="148.251.2.43/public_html/clothes/" local="130520630794250230" remote="130520892600000000" Dst="0" />
<file name="file_model.php" server="148.251.2.43/public_html/clothes/" local="130535060761189971" remote="130535061000000000" Dst="0" />
<file name="orders_model.php" server="148.251.2.43/public_html/clothes/" local="130520853648906787" remote="130520892600000000" Dst="0" />
<file name="reports_model.php" server="148.251.2.43/public_html/clothes/" local="130538221272746397" remote="130538225400000000" Dst="0" />
<file name="blog_model.php" server="ftp.instorelook.com.au//public_html/development/" local="130607104078906366" remote="130607286000000000" Dst="0" />
<file name="file_model.php" server="ftp.instorelook.com.au//public_html/development/" local="130692387545415040" remote="130692570000000000" Dst="0" />
<file name="orders_model.php" server="ftp.instorelook.com.au//public_html/development/" local="130533555954468782" remote="130605500400000000" Dst="0" />
<file name="reports_model.php" server="ftp.instorelook.com.au//public_html/development/" local="130538221272746397" remote="130605500400000000" Dst="0" />
<file name="users_model.php" server="ftp.instorelook.com.au//public_html/development/" local="130660295208059629" remote="130661067000000000" Dst="0" />
<file name="categories_model.php" server="ftp.instorelook.com.au//public_html/development/" local="130644016328838259" remote="130644196200000000" Dst="0" />
<file name="promotion_charges_model.php" server="ftp.instorelook.com.au//public_html/development/" local="130674193282458882" remote="130674379800000000" Dst="0" />
<file name="blog_model.php" server="ftp.instorelook.com.au//public_html/test/" local="130607104078906366" remote="130717746600000000" Dst="0" />
<file name="categories_model.php" server="ftp.instorelook.com.au//public_html/test/" local="130644016328838259" remote="130717746600000000" Dst="0" />
<file name="file_model.php" server="ftp.instorelook.com.au//public_html/test/" local="130694128634746086" remote="130717746600000000" Dst="0" />
<file name="orders_model.php" server="ftp.instorelook.com.au//public_html/test/" local="130533555954468782" remote="130717746600000000" Dst="0" />
<file name="promotion_charges_model.php" server="ftp.instorelook.com.au//public_html/test/" local="130674193282458882" remote="130717746600000000" Dst="0" />
<file name="reports_model.php" server="ftp.instorelook.com.au//public_html/test/" local="130538221272746397" remote="130717746600000000" Dst="0" />
<file name="users_model.php" server="ftp.instorelook.com.au//public_html/test/" local="130660295208059629" remote="130717747200000000" Dst="0" />
</dwsync>