<?xml version="1.0" encoding="utf-8" ?>
<dwsync>
<file name="air_canada.png" server="23.229.204.232/public_html/development/" local="130583488503405426" remote="130583149200000000" Dst="0" />
<file name="united_airlines.png" server="23.229.204.232/public_html/development/" local="130583488422090775" remote="130583149200000000" Dst="0" />
<file name="swiss_air.jpg" server="23.229.204.232/public_html/development/" local="130583488172436495" remote="130583149200000000" Dst="0" />
<file name="quantas.png" server="23.229.204.232/public_html/development/" local="130583488252701086" remote="130583149200000000" Dst="0" />
<file name="klm.gif" server="23.229.204.232/public_html/development/" local="130583487875049508" remote="130583149200000000" Dst="0" />
<file name="turkish.jpg" server="23.229.204.232/public_html/development/" local="130583488324305182" remote="130583149200000000" Dst="0" />
<file name="china_air.jpg" server="23.229.204.232/public_html/development/" local="130583488066320426" remote="130583149800000000" Dst="0" />
<file name="emirates.gif" server="23.229.204.232/public_html/development/" local="130583487952273925" remote="130583149800000000" Dst="0" />
</dwsync>