<?xml version="1.0" encoding="utf-8" ?>
<dwsync>
<file name="site_model.php" server="148.251.2.43/public_html/clothes/" local="130519661422561448" remote="130519661400000000" Dst="0" />
<file name="cart_model.php" server="148.251.2.43/public_html/clothes/" local="130520441448040246" remote="130520576400000000" Dst="0" />
<file name="email_model.php" server="148.251.2.43/public_html/clothes/" local="130519884459898454" remote="130520576400000000" Dst="0" />
<file name="email_model.php" server="ftp.instorelook.com.au//public_html/development/" local="130705238159604694" remote="130705417800000000" Dst="0" />
<file name="site_model.php" server="ftp.instorelook.com.au//public_html/development/" local="130720156112658466" remote="130721935200000000" Dst="0" />
<file name="cart_model.php" server="ftp.instorelook.com.au//public_html/development/" local="130724600410000000" remote="130724783400000000" Dst="0" />
<file name="checkout_model.php" server="ftp.instorelook.com.au//public_html/development/" local="130660828223660004" remote="130661053800000000" Dst="0" />
<file name="cart_model.php" server="ftp.instorelook.com.au//public_html/test/" local="130709200050898184" remote="130717750800000000" Dst="0" />
<file name="checkout_model.php" server="ftp.instorelook.com.au//public_html/test/" local="130699258528896445" remote="130717750800000000" Dst="0" />
<file name="email_model.php" server="ftp.instorelook.com.au//public_html/test/" local="130716511394487177" remote="130717750800000000" Dst="0" />
<file name="site_model.php" server="ftp.instorelook.com.au//public_html/test/" local="130717032447091143" remote="130717750800000000" Dst="0" />
<file name="vendor_model.php" server="ftp.instorelook.com.au//public_html/test/" local="130705475075649074" remote="130717750800000000" Dst="0" />
<file name="vendor_model.php" server="ftp.instorelook.com.au//public_html/development/" local="130721060357814040" remote="130721936400000000" Dst="0" />
<file name="payments_model.php" server="ftp.instorelook.com.au//public_html/development/" local="130724602137264635" remote="130724785800000000" Dst="0" />
</dwsync>