<?xml version="1.0" encoding="utf-8" ?>
<dwsync>
<file name="admin.php" server="148.251.2.43/public_html/clothes/" local="130538187109142351" remote="130538224800000000" Dst="0" />
<file name="orders.php" server="148.251.2.43/public_html/clothes/" local="130520878878999866" remote="130520892600000000" Dst="0" />
<file name="control.php" server="148.251.2.43/public_html/clothes/" local="130495605127336840" remote="130520574000000000" Dst="0" />
<file name="settings.php" server="148.251.2.43/public_html/clothes/" local="130496490181600315" remote="130520574000000000" Dst="0" />
<file name="users.php" server="148.251.2.43/public_html/clothes/" local="130497038597647354" remote="130520574000000000" Dst="0" />
<file name="charts.php" server="148.251.2.43/public_html/clothes/" local="130538222930981243" remote="130538227200000000" Dst="0" />
<file name="airlines.php" server="23.229.204.232/public_html/development/" local="130571790194051215" remote="130571430000000000" Dst="0" />
<file name="airplane_types.php" server="23.229.204.232/public_html/development/" local="130571791401320267" remote="130571431200000000" Dst="0" />
</dwsync>